{"cameraMode":{"drawMode":0,"name":"Shaded","section":"Shading Mode"},"sceneLighting":true,"audioPlay":false,"sceneViewState":{"m_AlwaysRefresh":false,"showFog":true,"showSkybox":true,"showFlares":true,"showImageEffects":true,"showParticleSystems":true,"showVisualEffectGraphs":true,"m_FxEnabled":true},"in2DMode":false,"pivot":{"x":1.8887345790863038,"y":-0.13012123107910157,"z":0.4600318670272827},"rotation":{"x":0.18817706406116486,"y":-0.22177325189113618,"z":0.043663013726472858,"w":0.9557743072509766},"size":7.46312141418457,"orthographic":true}