{"cameraMode":{"drawMode":0,"name":"Shaded","section":"Shading Mode"},"sceneLighting":true,"audioPlay":false,"sceneViewState":{"m_AlwaysRefresh":false,"showFog":true,"showSkybox":true,"showFlares":true,"showImageEffects":true,"showParticleSystems":true,"showVisualEffectGraphs":true,"m_FxEnabled":true},"in2DMode":false,"pivot":{"x":-1.1595293283462525,"y":54.62947463989258,"z":-7.1787848472595219},"rotation":{"x":0.6429582834243774,"y":0.009189731441438198,"z":-0.0077157821506261829,"w":0.7658315300941467},"size":5.89896297454834,"orthographic":true}