{"cameraMode":{"drawMode":0,"name":"Shaded","section":"Shading Mode"},"sceneLighting":true,"audioPlay":false,"sceneViewState":{"m_AlwaysRefresh":false,"showFog":true,"showSkybox":true,"showFlares":true,"showImageEffects":true,"showParticleSystems":true,"showVisualEffectGraphs":true,"m_FxEnabled":true},"in2DMode":false,"pivot":{"x":2.4472789764404299,"y":4.731566905975342,"z":-3.1973628997802736},"rotation":{"x":0.5046643614768982,"y":0.21859870851039887,"z":-0.13380339741706849,"w":0.8244247436523438},"size":4.665053367614746,"orthographic":false}