{"cameraMode":{"drawMode":0,"name":"Shaded","section":"Shading Mode"},"sceneLighting":true,"audioPlay":false,"sceneViewState":{"m_AlwaysRefresh":false,"showFog":true,"showSkybox":true,"showFlares":true,"showImageEffects":true,"showParticleSystems":true,"showVisualEffectGraphs":true,"m_FxEnabled":true},"in2DMode":false,"pivot":{"x":-0.08105897903442383,"y":0.06915679574012757,"z":-0.32014214992523196},"rotation":{"x":-0.0012842295691370965,"y":0.9797463417053223,"z":0.006476960144937038,"w":0.20024822652339936},"size":0.98746258020401,"orthographic":false}