{"cameraMode":{"drawMode":0,"name":"Shaded","section":"Shading Mode"},"sceneLighting":true,"audioPlay":false,"sceneViewState":{"m_AlwaysRefresh":false,"showFog":true,"showSkybox":true,"showFlares":true,"showImageEffects":true,"showParticleSystems":true,"showVisualEffectGraphs":true,"m_FxEnabled":true},"in2DMode":false,"pivot":{"x":-1.7030158042907715,"y":0.4190235137939453,"z":0.8147034049034119},"rotation":{"x":0.008725582621991635,"y":-0.6168902516365051,"z":-0.006865308154374361,"w":-0.7870751023292542},"size":0.03800351545214653,"orthographic":false}