{"cameraMode":{"drawMode":0,"name":"Shaded","section":"Shading Mode"},"sceneLighting":true,"audioPlay":false,"sceneViewState":{"m_AlwaysRefresh":false,"showFog":true,"showSkybox":true,"showFlares":true,"showImageEffects":true,"showParticleSystems":true,"showVisualEffectGraphs":true,"m_FxEnabled":true},"in2DMode":false,"pivot":{"x":15.292119979858399,"y":9.543736457824707,"z":-9.061217308044434},"rotation":{"x":0.3645159602165222,"y":-0.07530683279037476,"z":0.029591184109449388,"w":0.9276832938194275},"size":23.825593948364259,"orthographic":true}