{"cameraMode":{"drawMode":0,"name":"Shaded","section":"Shading Mode"},"sceneLighting":true,"audioPlay":false,"sceneViewState":{"m_AlwaysRefresh":false,"showFog":true,"showSkybox":true,"showFlares":true,"showImageEffects":true,"showParticleSystems":true,"showVisualEffectGraphs":true,"m_FxEnabled":true},"in2DMode":false,"pivot":{"x":-1.5971739292144776,"y":11.277751922607422,"z":1.0347877740859986},"rotation":{"x":0.13773733377456666,"y":0.7112513780593872,"z":-0.6738391518592835,"w":0.1453593522310257},"size":5.955331325531006,"orthographic":false}