{"cameraMode":{"drawMode":0,"name":"Shaded","section":"Shading Mode"},"sceneLighting":true,"audioPlay":false,"sceneViewState":{"m_AlwaysRefresh":false,"showFog":true,"showSkybox":true,"showFlares":true,"showImageEffects":true,"showParticleSystems":true,"showVisualEffectGraphs":true,"m_FxEnabled":true},"in2DMode":false,"pivot":{"x":0.5439441204071045,"y":0.7429800033569336,"z":5.632205963134766},"rotation":{"x":0.0841604694724083,"y":0.034367188811302188,"z":-0.0028949712868779899,"w":0.9958677887916565},"size":10.37224292755127,"orthographic":false}